{"num_regions": 0, "res0File": "Start_res.dat", "a_wgt": 0.01, "b_wgt": 0.1, "lineTitle": "Salorno_site2 TL12regMode2", "job_type": 1, "singular_type": 0, "res_matrix": 1, "inverse_type": 1, "target_decrease": 0, "data_type": 1, "reg_mode": 2, "tolerance": 1.0, "max_iter": 10, "error_mod": 2, "alpha_aniso": 1, "alpha_s": 1, "min_error": 0.01, "rho_min": -10000000000.0, "rho_max": 10000000000.0, "mesh_type": 3, "node_elec": [["1 1", "1 2", "1 3", "1 4", "1 5", "1 6", "1 7", "1 8", "1 9", "1 10", "1 11", "1 12", "1 13", "1 14", "1 15", "1 16", "1 17", "1 18", "1 19", "1 20", "1 21", "1 22", "1 23", "1 24", "1 25", "1 26", "1 27", "1 28", "1 29", "1 30", "1 31", "1 32", "1 33", "1 34", "1 35", "1 36", "1 37", "1 38", "1 39", "1 40", "1 41", "1 42", "1 43", "1 44", "1 45", "1 46", "1 47", "1 48", "1 49", "1 50", "1 51", "1 52", "1 53", "1 54", "1 55", "1 56", "1 57", "1 58", "1 59", "1 60", "1 61", "1 62", "1 63", "1 64", "1 65", "1 66", "1 67", "1 68", "1 69", "1 70", "1 71", "1 72", "1 73", "1 74", "1 75", "1 76", "1 77", "1 78", "1 79", "1 80", "1 81", "1 82", "1 83", "1 84", "1 85", "1 86", "1 87", "1 88", "1 89", "1 90", "1 91", "1 92", "1 93", "1 94", "1 95", "1 96", "1 97", "1 98", "1 99", "1 100", "1 101", "1 102", "1 103", "1 104", "1 105", "1 106", "1 107", "1 108", "1 109", "1 110", "1 111", "1 112", "1 113", "1 114", "1 115", "1 116", "1 117", "1 118", "1 119", "1 120"], [17, 18, 19, 20, 21, 22, 23, 24, 25, 26, 27, 28, 29, 30, 31, 32, 33, 34, 35, 36, 37, 38, 39, 40, 41, 42, 43, 44, 45, 46, 47, 48, 49, 50, 51, 52, 53, 54, 55, 56, 57, 58, 59, 60, 61, 62, 63, 64, 65, 66, 67, 68, 69, 70, 71, 72, 73, 74, 75, 76, 77, 78, 79, 80, 81, 82, 83, 84, 85, 86, 87, 88, 89, 90, 91, 92, 93, 94, 95, 96, 97, 98, 99, 100, 101, 102, 103, 104, 105, 106, 107, 108, 109, 110, 111, 112, 113, 114, 115, 116, 117, 118, 119, 120, 121, 122, 123, 124, 125, 126, 127, 128, 129, 130, 131, 132, 133, 134, 135, 136]], "xy_poly_table": [[0.0, 27.089000000618398], [26.852199999964796, 27.089000000618398], [26.852199999964796, 0.0], [0.0, 0.0], [0.0, 27.089000000618398]]}